train,test
0.05684639134389983,0.06290297861489036
0.010405093825708707,0.029952258565354575
0.046885631476826076,0.06757911167780455
